Selection,categ
adolf09244,1
allen959952,1
ambrose29655,1
amos838111,1
bfdch5246,1
c9576,1
sadadew3454554,1
sd34951,1
sg167349,1
sophia52652,1
tom1523789,1
vdztw4,1
wch0548973,1
wch628734,1
wch984637,1
zhou123533,1
baishang17722049,2
brittan70746128,2
buranji17055895,2
dangrong568680,2
dianapa97542625,2
jizhicu78128491,2
mukanpo5181,2
naojie893204838,2
sarahwe97809475,2
shantui0523781526,2
songchetu4097,2
xiezhui267062618,2
xuemu6685815165,2
albertnovakbernadine,3
beatrisaramosnorbertogianni,3
frangletonwarna07,3
groveidrees60,3
lanktonsonja,3
mccaneanslem43,3
portamtreneman22,3
skilarlarrett80,3
virgakanavis23,3
yariannashaileen83,3
1ss7347027,4
aalvarad720,4
arciniegastatianamartinez363,4
bl1499434,4
cosbornefjk,4
eunaisabel168,4
hedrickm491,4
jj3544159,4
lc0678818,4
mthania838,4
ralstonk371,4
tyuda528,4
awd59854,5
bfhgjc5746,5
dasda958,5
dfzx651,5
fev826,5
gxdj4758,5
hndxf51,5
kmfhs452,5
mhgvlk546,5
swagh788,5
tjdhnd83,5
vsxg480,5
di9jiind33,6
gh4345ef12jf5,6
gh4352jf9,6
gh4355000f18,6
gh98t53def24,6
huh80007,6
qo98764biju,6
tuananhkt4,7
tuananhkt6,7
tuananhkt5,7
tuananhkt10,7
tuananhkt11,7
vodien3,7
vodien6,7
vodien8,7
vodien10,7
vodien29,7
vodien30,7
vodien33,7
vodien35,7
vodien43,7
vodien45,7
afddfgfh,8
cxvdstg,8
dagklmnbt,8
fhfjfjj,8
gdayth,8
hfjjjgfjgf,8
idjsfjs,8
jijassa,8
rteioyhtb,8
sdjyvb,8
vcxgrery,8
xcbtrmjy,8
1bhb,9
5y5y54e,9
ctfogu,9
djadsr,9
fghtjtrdj,9
he5k76k86,9
ryhry4yg4r,9
sdefe,9
tykeutk76,9
vsdhy,9
wrwwr,9
y4kyif,9
1inchlrc,10
adxsfi,10
btccoinhodl,10
crvnano,10
dfmxx,10
fraserklw,10
nano1inch,10
orbsqnt,10
qntewt,10
sushiunieth,10
wealwasely,10
zenzks,10
maya1314,11
ejdx,11
ck950,11
yiwanjiacai,11
facaijiujiu,11
baldsnla,11
danyalutz,11
djksadbk,11
duaghida,11
fbafiaamd,11
asdasdsa23,11
dsfgdfsg565,11
gsdfgsd5656,11
zhuoingliu,11
zhuolingba,11
zhuolingjiu,11
zhuolingsan,11
zhuolingsi,11
